/* Users */
CREATE TABLE users (
  id SERIAL PRIMARY KEY,
  username VARCHAR(256) NOT NULL,
  password VARCHAR(256) NOT NULL,
  created_at TIMESTAMP,
  updated_at TIMESTAMP,

  CONSTRAINT unique_username UNIQUE (username)
);
CREATE INDEX index_username ON users (username);

INSERT INTO users(id, username, password, created_at, updated_at) VALUES (1,'admin','password', NOW(), NOW())

/* Genres */
CREATE TABLE genres (
  id SERIAL PRIMARY KEY,
  name VARCHAR(256) NOT NULL,
  created_at TIMESTAMP,
  updated_at TIMESTAMP,

  CONSTRAINT unique_genre UNIQUE (name)
);
CREATE INDEX index_genre_name ON genres (name);

INSERT INTO genres(id, name, created_at, updated_at) VALUES (6,'Country', NOW(), NOW());
INSERT INTO genres(id, name, created_at, updated_at) VALUES (10,'Singer/Songwriter', NOW(), NOW());
INSERT INTO genres(id, name, created_at, updated_at) VALUES (14,'Pop', NOW(), NOW());
INSERT INTO genres(id, name, created_at, updated_at) VALUES (16,'Soundtrack', NOW(), NOW());
INSERT INTO genres(id, name, created_at, updated_at) VALUES (18,'Hip Hop/Rap', NOW(), NOW());
INSERT INTO genres(id, name, created_at, updated_at) VALUES (20,'Alternative', NOW(), NOW());
INSERT INTO genres(id, name, created_at, updated_at) VALUES (21,'Rock', NOW(), NOW());
INSERT INTO genres(id, name, created_at, updated_at) VALUES (22,'Christian & Gospel', NOW(), NOW());
INSERT INTO genres(id, name, created_at, updated_at) VALUES (24,'Reggae', NOW(), NOW());
INSERT INTO genres(id, name, created_at, updated_at) VALUES (25,'Easy Listening', NOW(), NOW());
INSERT INTO genres(id, name, created_at, updated_at) VALUES (51,'K-Pop', NOW(), NOW());
INSERT INTO genres(id, name, created_at, updated_at) VALUES (1022,'Classical Crossover', NOW(), NOW());
INSERT INTO genres(id, name, created_at, updated_at) VALUES (1131,'Adult Contemporary', NOW(), NOW());
INSERT INTO genres(id, name, created_at, updated_at) VALUES (1153,'Heavy Metal', NOW(), NOW());
INSERT INTO genres(id, name, created_at, updated_at) VALUES (1166,'Musicals', NOW(), NOW());


/* Artists */
CREATE TABLE artists (
  id SERIAL PRIMARY KEY,
  name VARCHAR(256) NOT NULL,
  created_at TIMESTAMP,
  updated_at TIMESTAMP
);
CREATE INDEX index_artist_name ON artists (name);

INSERT INTO artists(id, name, created_at, updated_at) VALUES (382270241,'Kelsea Ballerini',NOW(),NOW());
INSERT INTO artists(id, name, created_at, updated_at) VALUES (283347662,'Macklemore',NOW(),NOW());
INSERT INTO artists(id, name, created_at, updated_at) VALUES (20044,'Madonna',NOW(),NOW());
INSERT INTO artists(id, name, created_at, updated_at) VALUES (829142092,'Morgan Wallen',NOW(),NOW());
INSERT INTO artists(id, name, created_at, updated_at) VALUES (907166363,'Lainey Wilson',NOW(),NOW());
INSERT INTO artists(id, name, created_at, updated_at) VALUES (1666114844,'Daisy Jones & The Six',NOW(),NOW());
INSERT INTO artists(id, name, created_at, updated_at) VALUES (97262,'Lynyrd Skynyrd',NOW(),NOW());
INSERT INTO artists(id, name, created_at, updated_at) VALUES (158038,'Fleetwood Mac',NOW(),NOW());
INSERT INTO artists(id, name, created_at, updated_at) VALUES (1752134,'Chris Stapleton',NOW(),NOW());
INSERT INTO artists(id, name, created_at, updated_at) VALUES (1551033783,'Bailey Zimmerman',NOW(),NOW());
INSERT INTO artists(id, name, created_at, updated_at) VALUES (789938918,'Peyton Parrish',NOW(),NOW());
INSERT INTO artists(id, name, created_at, updated_at) VALUES (1053549,'Eagles',NOW(),NOW());
INSERT INTO artists(id, name, created_at, updated_at) VALUES (1,'Various Artists',NOW(),NOW());
INSERT INTO artists(id, name, created_at, updated_at) VALUES (486597,'Journey',NOW(),NOW());
INSERT INTO artists(id, name, created_at, updated_at) VALUES (54657,'Elton John',NOW(),NOW());
INSERT INTO artists(id, name, created_at, updated_at) VALUES (305371030,'Adam Lambert',NOW(),NOW());
INSERT INTO artists(id, name, created_at, updated_at) VALUES (471260289,'Harry Styles',NOW(),NOW());
INSERT INTO artists(id, name, created_at, updated_at) VALUES (358714030,'Imagine Dragons',NOW(),NOW());
INSERT INTO artists(id, name, created_at, updated_at) VALUES (722177758,'Lauren Daigle',NOW(),NOW());
INSERT INTO artists(id, name, created_at, updated_at) VALUES (2083606,'Creedence Clearwater Revival',NOW(),NOW());
INSERT INTO artists(id, name, created_at, updated_at) VALUES (3088872,'Dierks Bentley',NOW(),NOW());
INSERT INTO artists(id, name, created_at, updated_at) VALUES (1102077,'Eva Cassidy, London Symphony Orchestra & Christopher Willis',NOW(),NOW());
INSERT INTO artists(id, name, created_at, updated_at) VALUES (329027198,'Lin-Manuel Miranda, Germaine Franco & Encanto - Cast',NOW(),NOW());
INSERT INTO artists(id, name, created_at, updated_at) VALUES (1436720478,'SIX, Toby Marlow & Lucy Moss',NOW(),NOW());
INSERT INTO artists(id, name, created_at, updated_at) VALUES (4488522,'P!nk',NOW(),NOW());
INSERT INTO artists(id, name, created_at, updated_at) VALUES (3996865,'Metallica',NOW(),NOW());
INSERT INTO artists(id, name, created_at, updated_at) VALUES (485953,'Billy Joel',NOW(),NOW());
INSERT INTO artists(id, name, created_at, updated_at) VALUES (81586169,'Lorne Balfe, Harold Faltermeyer, Lady Gaga & Hans Zimmer',NOW(),NOW());
INSERT INTO artists(id, name, created_at, updated_at) VALUES (555635570,'ONEW',NOW(),NOW());
INSERT INTO artists(id, name, created_at, updated_at) VALUES (1343414759,'Benj Pasek & Justin Paul, Hugh Jackman, Keala Settle, Zac Efron, Zendaya',NOW(),NOW());
INSERT INTO artists(id, name, created_at, updated_at) VALUES (159260351,'Taylor Swift',NOW(),NOW());
INSERT INTO artists(id, name, created_at, updated_at) VALUES (354625084,'Cole Swindell',NOW(),NOW());
INSERT INTO artists(id, name, created_at, updated_at) VALUES (161527,'Tom Petty & The Heartbreakers',NOW(),NOW());
INSERT INTO artists(id, name, created_at, updated_at) VALUES (34495,'Carole King',NOW(),NOW());
INSERT INTO artists(id, name, created_at, updated_at) VALUES (136975,'The Beatles',NOW(),NOW());
INSERT INTO artists(id, name, created_at, updated_at) VALUES (456023325,'Kristen Anderson-Lopez & Robert Lopez, Idina Menzel, Kristen Bell & Christophe Beck',NOW(),NOW());
INSERT INTO artists(id, name, created_at, updated_at) VALUES (329027199,'Lin-Manuel Miranda, Opetaia Foa''i, Mark Mancina & Auli''i Cravalho',NOW(),NOW());
INSERT INTO artists(id, name, created_at, updated_at) VALUES (62522,'Michael McDonald',NOW(),NOW());
INSERT INTO artists(id, name, created_at, updated_at) VALUES (3174628,'Bob Marley & The Wailers',NOW(),NOW());
INSERT INTO artists(id, name, created_at, updated_at) VALUES (200151,'Michael Bolton',NOW(),NOW());
INSERT INTO artists(id, name, created_at, updated_at) VALUES (117982008,'Carpenters',NOW(),NOW());
INSERT INTO artists(id, name, created_at, updated_at) VALUES (26211744,'Bob Seger',NOW(),NOW());
INSERT INTO artists(id, name, created_at, updated_at) VALUES (208469,'John Denver',NOW(),NOW());
INSERT INTO artists(id, name, created_at, updated_at) VALUES (1240921740,'Jordan Davis',NOW(),NOW());
INSERT INTO artists(id, name, created_at, updated_at) VALUES (454295032, 'Hans Zimmer & The Disruptive Collective',NOW(),NOW());
INSERT INTO artists(id, name, created_at, updated_at) VALUES (60960,'Boston',NOW(),NOW());
INSERT INTO artists(id, name, created_at, updated_at) VALUES (372976,'ABBA',NOW(),NOW());
INSERT INTO artists(id, name, created_at, updated_at) VALUES (203641671,'Chaim Topol, John Williams & "Fiddler on the Roof" Motion Picture Chorus & Orchestra',NOW(),NOW());
INSERT INTO artists(id, name, created_at, updated_at) VALUES (1561871798,'Anne Wilson',NOW(),NOW());
INSERT INTO artists(id, name, created_at, updated_at) VALUES (39042,'Burt Bacharach & Elvis Costello',NOW(),NOW());
INSERT INTO artists(id, name, created_at, updated_at) VALUES (180586,'Daryl Hall & John Oates',NOW(),NOW());
INSERT INTO artists(id, name, created_at, updated_at) VALUES (197443,'Elvis Presley',NOW(),NOW());


/* Albums */
CREATE TABLE albums (
  id SERIAL PRIMARY KEY,
  name VARCHAR(256) NOT NULL,
  images TEXT[],
  song_count INT NOT NULL,
  price JSON,
  label_rights VARCHAR(512) NOT NULL,
  title VARCHAR(256) NOT NULL,
  url VARCHAR(256) NOT NULL,
  artist_id INT NOT NULL,
  genre_id INT NOT NULL,
  release_date TIMESTAMP NOT NULL,
  created_at TIMESTAMP,
  updated_at TIMESTAMP,
  
  CONSTRAINT fk_artist
    FOREIGN KEY(artist_id) 
	REFERENCES artists(id),

  CONSTRAINT fk_genre
    FOREIGN KEY(genre_id) 
	REFERENCES genres(id)
);
CREATE INDEX index_albums_name ON albums (name);
CREATE INDEX index_albums_artist ON albums (artist_id);
CREATE INDEX index_albums_genre ON albums (genre_id);

INSERT INTO albums(id, name, images, song_count, price, label_rights, title, url, artist_id, genre_id, release_date, created_at, updated_at) VALUES (1668471788,'Rolling Up the Welcome Mat - EP','{"https://is4-ssl.mzstatic.com/image/thumb/Music126/v4/9b/62/67/9b626725-dc44-d870-2d22-c2e471ee8182/197187960323.jpg/55x55bb.png","https://is3-ssl.mzstatic.com/image/thumb/Music126/v4/9b/62/67/9b626725-dc44-d870-2d22-c2e471ee8182/197187960323.jpg/60x60bb.png","https://is4-ssl.mzstatic.com/image/thumb/Music126/v4/9b/62/67/9b626725-dc44-d870-2d22-c2e471ee8182/197187960323.jpg/170x170bb.png"}',6,'{"amount": "5.99", "currency": "USD"}','℗ 2023 Black River Entertainment','Rolling Up the Welcome Mat - EP - Kelsea Ballerini','https://music.apple.com/us/album/rolling-up-the-welcome-mat-ep/1668471788?uo=2',382270241,6,'2023-02-14T00:00:00-07:00',NOW(),NOW());INSERT INTO albums(id, name, images, song_count, price, label_rights, title, url, artist_id, genre_id, release_date, created_at, updated_at) VALUES (1668005390,'BEN','{"https://is2-ssl.mzstatic.com/image/thumb/Music123/v4/26/79/c2/2679c224-37ea-4100-35f3-331540686238/5054197513480.jpg/55x55bb.png", "https://is1-ssl.mzstatic.com/image/thumb/Music123/v4/26/79/c2/2679c224-37ea-4100-35f3-331540686238/5054197513480.jpg/60x60bb.png", "https://is3-ssl.mzstatic.com/image/thumb/Music123/v4/26/79/c2/2679c224-37ea-4100-35f3-331540686238/5054197513480.jpg/170x170bb.png"}',15,'{"amount": "6.99", "currency": "USD"}','℗ 2023 Bendo', 'LLC,BEN - Macklemore','https://music.apple.com/us/album/ben/1668005390?uo=2',283347662,18,'2023-03-03T00:00:00-07:00',NOW(),NOW());
INSERT INTO albums(id, name, images, song_count, price, label_rights, title, url, artist_id, genre_id, release_date, created_at, updated_at) VALUES (1676050933,'Burning Up / Physical Attraction - EP','{"https://is3-ssl.mzstatic.com/image/thumb/Music126/v4/42/be/09/42be0972-a978-8a2d-6e64-58f744d35282/603497831647.jpg/55x55bb.png", "https://is5-ssl.mzstatic.com/image/thumb/Music126/v4/42/be/09/42be0972-a978-8a2d-6e64-58f744d35282/603497831647.jpg/60x60bb.png", "https://is2-ssl.mzstatic.com/image/thumb/Music126/v4/42/be/09/42be0972-a978-8a2d-6e64-58f744d35282/603497831647.jpg/170x170bb.png"}',5,'{"amount": "4.99", "currency": "USD"}','℗ 2023 Warner Records LLC','Burning Up / Physical Attraction - EP - Madonna','https://music.apple.com/us/album/burning-up-physical-attraction-ep/1676050933?uo=2',20044,14,'2023-03-09T00:00:00-07:00',NOW(),NOW());
INSERT INTO albums(id, name, images, song_count, price, label_rights, title, url, artist_id, genre_id, release_date, created_at, updated_at) VALUES (1668202221,'One Thing At A Time','{"https://is1-ssl.mzstatic.com/image/thumb/Music123/v4/d0/72/a0/d072a057-a577-1ff7-fdf9-76de92ff08bb/23UMGIM08086.rgb.jpg/55x55bb.png", "https://is5-ssl.mzstatic.com/image/thumb/Music123/v4/d0/72/a0/d072a057-a577-1ff7-fdf9-76de92ff08bb/23UMGIM08086.rgb.jpg/60x60bb.png", "https://is4-ssl.mzstatic.com/image/thumb/Music123/v4/d0/72/a0/d072a057-a577-1ff7-fdf9-76de92ff08bb/23UMGIM08086.rgb.jpg/170x170bb.png"}',36,'{"amount": "14.99", "currency": "USD"}','℗ 2023 Big Loud Records, under exclusive license to Mercury Records/Republic Records, a division of UMG Recordings, Inc.','One Thing At A Time - Morgan Wallen','https://music.apple.com/us/album/one-thing-at-a-time/1668202221?uo=2',829142092,6,'2023-03-03T00:00:00-07:00',NOW(),NOW());
INSERT INTO albums(id, name, images, song_count, price, label_rights, title, url, artist_id, genre_id, release_date, created_at, updated_at) VALUES (1654513456,'Bell Bottom Country','{"https://is4-ssl.mzstatic.com/image/thumb/Music112/v4/2c/d4/d1/2cd4d14d-d89c-d7d5-8ae7-bbca55e23c4f/4050538875423.jpg/55x55bb.png", "https://is1-ssl.mzstatic.com/image/thumb/Music112/v4/2c/d4/d1/2cd4d14d-d89c-d7d5-8ae7-bbca55e23c4f/4050538875423.jpg/60x60bb.png", "https://is5-ssl.mzstatic.com/image/thumb/Music112/v4/2c/d4/d1/2cd4d14d-d89c-d7d5-8ae7-bbca55e23c4f/4050538875423.jpg/170x170bb.png"}',16,'{"amount": "10.99", "currency": "USD"}','℗ 2022 This Is Hit, Inc. d/b/a Broken Bow Records','Bell Bottom Country - Lainey Wilson','https://music.apple.com/us/album/bell-bottom-country/1654513456?uo=2',907166363,6,'2022-11-28T00:00:00-07:00',NOW(),NOW());
INSERT INTO albums(id, name, images, song_count, price, label_rights, title, url, artist_id, genre_id, release_date, created_at, updated_at) VALUES (1666114835,'AURORA','{"https://is3-ssl.mzstatic.com/image/thumb/Music123/v4/a9/4e/f5/a94ef52c-6d56-b754-5872-dfbd39d2e6f7/075679700476.jpg/55x55bb.png", "https://is2-ssl.mzstatic.com/image/thumb/Music123/v4/a9/4e/f5/a94ef52c-6d56-b754-5872-dfbd39d2e6f7/075679700476.jpg/60x60bb.png", "https://is5-ssl.mzstatic.com/image/thumb/Music123/v4/a9/4e/f5/a94ef52c-6d56-b754-5872-dfbd39d2e6f7/075679700476.jpg/170x170bb.png"}',11,'{"amount": "7.99", "currency": "USD"}','Ellemar Records, ℗ 2023 Amazon Content Services LLC, under exclusive license to Atlantic Recording Corporation for the world','AURORA - Daisy Jones & The Six','https://music.apple.com/us/album/aurora/1666114835?uo=2',1666114844,21,'2023-03-03T00:00:00-07:00',NOW(),NOW());
INSERT INTO albums(id, name, images, song_count, price, label_rights, title, url, artist_id, genre_id, release_date, created_at, updated_at) VALUES (1413948379,'All Time Greatest Hits','{"https://is3-ssl.mzstatic.com/image/thumb/Music124/v4/3b/49/b9/3b49b923-fb26-a60a-8b5e-f9e05ddf06dd/06UMGIM02061.rgb.jpg/55x55bb.png", "https://is2-ssl.mzstatic.com/image/thumb/Music124/v4/3b/49/b9/3b49b923-fb26-a60a-8b5e-f9e05ddf06dd/06UMGIM02061.rgb.jpg/60x60bb.png", "https://is4-ssl.mzstatic.com/image/thumb/Music124/v4/3b/49/b9/3b49b923-fb26-a60a-8b5e-f9e05ddf06dd/06UMGIM02061.rgb.jpg/170x170bb.png"}',14,'{"amount": "9.99", "currency": "USD"}','A Geffen Records release; This Compilation ℗ 2000 UMG Recordings, Inc.','All Time Greatest Hits - Lynyrd Skynyrd','https://music.apple.com/us/album/all-time-greatest-hits/1413948379?uo=2',97262,21,'2000-03-14T00:00:00-07:00',NOW(),NOW());
INSERT INTO albums(id, name, images, song_count, price, label_rights, title, url, artist_id, genre_id, release_date, created_at, updated_at) VALUES (202271826,'Greatest Hits','{"https://is3-ssl.mzstatic.com/image/thumb/Music115/v4/d2/48/f4/d248f4ae-a7e4-a48e-1588-6617de3e8d76/mzi.izeorbmm.jpg/55x55bb.png", "https://is2-ssl.mzstatic.com/image/thumb/Music115/v4/d2/48/f4/d248f4ae-a7e4-a48e-1588-6617de3e8d76/mzi.izeorbmm.jpg/60x60bb.png", "https://is2-ssl.mzstatic.com/image/thumb/Music115/v4/d2/48/f4/d248f4ae-a7e4-a48e-1588-6617de3e8d76/mzi.izeorbmm.jpg/170x170bb.png"}',16,'{"amount": "11.99", "currency": "USD"}','℗ 1988 Warner Records Inc.','Greatest Hits - Fleetwood Mac','https://music.apple.com/us/album/greatest-hits/202271826?uo=2',158038,21,'1988-11-15T00:00:00-07:00',NOW(),NOW());
INSERT INTO albums(id, name, images, song_count, price, label_rights, title, url, artist_id, genre_id, release_date, created_at, updated_at) VALUES (1528423147,'Starting Over','{"https://is3-ssl.mzstatic.com/image/thumb/Music115/v4/34/12/78/34127801-ad2b-4469-4916-d661bba34a94/20UMGIM71875.rgb.jpg/55x55bb.png", "https://is2-ssl.mzstatic.com/image/thumb/Music115/v4/34/12/78/34127801-ad2b-4469-4916-d661bba34a94/20UMGIM71875.rgb.jpg/60x60bb.png", "https://is5-ssl.mzstatic.com/image/thumb/Music115/v4/34/12/78/34127801-ad2b-4469-4916-d661bba34a94/20UMGIM71875.rgb.jpg/170x170bb.png"}',14,'{"amount": "9.99", "currency": "USD"}','A Mercury Nashville Release; ℗ 2020 Sound Records, under exclusive license to UMG Recordings, Inc.','Starting Over - Chris Stapleton','https://music.apple.com/us/album/starting-over/1528423147?uo=2',1752134,6,'2020-11-13T00:00:00-07:00',NOW(),NOW());
INSERT INTO albums(id, name, images, song_count, price, label_rights, title, url, artist_id, genre_id, release_date, created_at, updated_at) VALUES (1644401704,'Leave The Light On - EP','{"https://is1-ssl.mzstatic.com/image/thumb/Music122/v4/30/17/1b/30171b77-7d87-bf60-49f1-fa0d6376f193/093624864899.jpg/55x55bb.png", "https://is3-ssl.mzstatic.com/image/thumb/Music122/v4/30/17/1b/30171b77-7d87-bf60-49f1-fa0d6376f193/093624864899.jpg/60x60bb.png", "https://is4-ssl.mzstatic.com/image/thumb/Music122/v4/30/17/1b/30171b77-7d87-bf60-49f1-fa0d6376f193/093624864899.jpg/170x170bb.png"}',9,'{"amount": "4.99", "currency": "USD"}','A Warner Music Nashville / Elektra Records release', '℗ 2022 Elektra Records LLC,Leave The Light On - EP - Bailey Zimmerman','https://music.apple.com/us/album/leave-the-light-on-ep/1644401704?uo=2',1551033783,6,'2022-10-14T00:00:00-07:00',NOW(),NOW());
INSERT INTO albums(id, name, images, song_count, price, label_rights, title, url, artist_id, genre_id, release_date, created_at, updated_at) VALUES (1671270505,'The Most Magical Album On Earth','{"https://is2-ssl.mzstatic.com/image/thumb/Music126/v4/77/76/62/777662bb-ae61-c55f-9434-9c5aefb69e63/artwork.jpg/55x55bb.png", "https://is1-ssl.mzstatic.com/image/thumb/Music126/v4/77/76/62/777662bb-ae61-c55f-9434-9c5aefb69e63/artwork.jpg/60x60bb.png", "https://is2-ssl.mzstatic.com/image/thumb/Music126/v4/77/76/62/777662bb-ae61-c55f-9434-9c5aefb69e63/artwork.jpg/170x170bb.png"}',15,'{"amount": "10.99", "currency": "USD"}','℗ 2023 Parrish Entertainment in partnership with Noise Machine','The Most Magical Album On Earth - Peyton Parrish','https://music.apple.com/us/album/the-most-magical-album-on-earth/1671270505?uo=2',789938918,21,'2023-02-24T00:00:00-07:00',NOW(),NOW());
INSERT INTO albums(id, name, images, song_count, price, label_rights, title, url, artist_id, genre_id, release_date, created_at, updated_at) VALUES (635829435,'Their Greatest Hits 1971-1975','{"https://is1-ssl.mzstatic.com/image/thumb/Music125/v4/f0/c7/c8/f0c7c8f4-4319-d357-ddaf-566ef8e2194e/081227979379.jpg/55x55bb.png", "https://is3-ssl.mzstatic.com/image/thumb/Music125/v4/f0/c7/c8/f0c7c8f4-4319-d357-ddaf-566ef8e2194e/081227979379.jpg/60x60bb.png", "https://is1-ssl.mzstatic.com/image/thumb/Music125/v4/f0/c7/c8/f0c7c8f4-4319-d357-ddaf-566ef8e2194e/081227979379.jpg/170x170bb.png"}',10,'{"amount": "9.99", "currency": "USD"}','℗ 1976 Elektra Records','Their Greatest Hits 1971-1975 - Eagles','https://music.apple.com/us/album/their-greatest-hits-1971-1975/635829435?uo=2',1053549,21,'1976-02-17T00:00:00-07:00',NOW(),NOW());
INSERT INTO albums(id, name, images, song_count, price, label_rights, title, url, artist_id, genre_id, release_date, created_at, updated_at) VALUES (1634035110,'NOW That''s What I Call ''90s Alternative Rock','{"https://is2-ssl.mzstatic.com/image/thumb/Music112/v4/91/03/14/9103142e-9c42-3658-4d89-5f786ec5fdf1/196589142092.jpg/55x55bb.png", "https://is1-ssl.mzstatic.com/image/thumb/Music112/v4/91/03/14/9103142e-9c42-3658-4d89-5f786ec5fdf1/196589142092.jpg/60x60bb.png", "https://is3-ssl.mzstatic.com/image/thumb/Music112/v4/91/03/14/9103142e-9c42-3658-4d89-5f786ec5fdf1/196589142092.jpg/170x170bb.png"}',18,'{"amount": "7.99", "currency": "USD"}','℗ 2022 UMG Recordings, Inc. and Sony Music Entertainment','NOW That''s What I Call ''90s Alternative Rock - Various Artists','https://music.apple.com/us/album/now-thats-what-i-call-90s-alternative-rock/1634035110?uo=2',1,21,'2022-08-05T00:00:00-07:00',NOW(),NOW());
INSERT INTO albums(id, name, images, song_count, price, label_rights, title, url, artist_id, genre_id, release_date, created_at, updated_at) VALUES (169003304,'Greatest Hits','{"https://is2-ssl.mzstatic.com/image/thumb/Music125/v4/cd/43/e7/cd43e76f-4ff1-f700-d84f-86eeea7fa5bb/828768588925.jpg/55x55bb.png", "https://is4-ssl.mzstatic.com/image/thumb/Music125/v4/cd/43/e7/cd43e76f-4ff1-f700-d84f-86eeea7fa5bb/828768588925.jpg/60x60bb.png", "https://is1-ssl.mzstatic.com/image/thumb/Music125/v4/cd/43/e7/cd43e76f-4ff1-f700-d84f-86eeea7fa5bb/828768588925.jpg/170x170bb.png"}',16,'{"amount": "10.99", "currency": "USD"}','℗ This compilation (P) 1988 Sony Music Entertainment','Greatest Hits - Journey','https://music.apple.com/us/album/greatest-hits/169003304?uo=2',486597,21,'1988-11-15T00:00:00-07:00',NOW(),NOW());
INSERT INTO albums(id, name, images, song_count, price, label_rights, title, url, artist_id, genre_id, release_date, created_at, updated_at) VALUES (1440827477,'Traveller','{"https://is3-ssl.mzstatic.com/image/thumb/Music125/v4/e2/4b/60/e24b6016-8278-bb18-cf5d-d44bf68371da/00602547223838.rgb.jpg/55x55bb.png", "https://is5-ssl.mzstatic.com/image/thumb/Music125/v4/e2/4b/60/e24b6016-8278-bb18-cf5d-d44bf68371da/00602547223838.rgb.jpg/60x60bb.png", "https://is4-ssl.mzstatic.com/image/thumb/Music125/v4/e2/4b/60/e24b6016-8278-bb18-cf5d-d44bf68371da/00602547223838.rgb.jpg/170x170bb.png"}',14,'{"amount": "9.99", "currency": "USD"}','℗ 2015 Mercury Records, a Division of UMG Recordings, Inc.','Traveller - Chris Stapleton','https://music.apple.com/us/album/traveller/1440827477?uo=2',1752134,6,'2015-05-05T00:00:00-07:00',NOW(),NOW());
INSERT INTO albums(id, name, images, song_count, price, label_rights, title, url, artist_id, genre_id, release_date, created_at, updated_at) VALUES (1440903115,'Diamonds','{"https://is2-ssl.mzstatic.com/image/thumb/Music124/v4/89/fe/2d/89fe2d04-f3d7-e1f9-eb1f-23fb08756e84/17UM1IM23523.rgb.jpg/55x55bb.png", "https://is4-ssl.mzstatic.com/image/thumb/Music124/v4/89/fe/2d/89fe2d04-f3d7-e1f9-eb1f-23fb08756e84/17UM1IM23523.rgb.jpg/60x60bb.png", "https://is5-ssl.mzstatic.com/image/thumb/Music124/v4/89/fe/2d/89fe2d04-f3d7-e1f9-eb1f-23fb08756e84/17UM1IM23523.rgb.jpg/170x170bb.png"}',17,'{"amount": "9.99", "currency": "USD"}','A Virgin EMI Records Release; This Compilation ℗ 2017 Universal Music Operations Limited','Diamonds - Elton John','https://music.apple.com/us/album/diamonds/1440903115?uo=2',54657,14,'2017-11-10T00:00:00-07:00',NOW(),NOW());
INSERT INTO albums(id, name, images, song_count, price, label_rights, title, url, artist_id, genre_id, release_date, created_at, updated_at) VALUES (1648807326,'NOW That''s What I Call Classic Rock','{"https://is5-ssl.mzstatic.com/image/thumb/Music112/v4/2f/0a/fb/2f0afb49-2e70-3b52-95ce-29b3775ef1fe/196589493545.jpg/55x55bb.png", "https://is2-ssl.mzstatic.com/image/thumb/Music112/v4/2f/0a/fb/2f0afb49-2e70-3b52-95ce-29b3775ef1fe/196589493545.jpg/60x60bb.png", "https://is5-ssl.mzstatic.com/image/thumb/Music112/v4/2f/0a/fb/2f0afb49-2e70-3b52-95ce-29b3775ef1fe/196589493545.jpg/170x170bb.png"}',17,'{"amount": "7.99", "currency": "USD"}','℗ 2022 UMG Recordings, Inc. and Sony Music Entertainment','NOW That''s What I Call Classic Rock - Various Artists','https://music.apple.com/us/album/now-thats-what-i-call-classic-rock/1648807326?uo=2',1,21,'2022-10-28T00:00:00-07:00',NOW(),NOW());
INSERT INTO albums(id, name, images, song_count, price, label_rights, title, url, artist_id, genre_id, release_date, created_at, updated_at) VALUES (1664971105,'NOW That''s What I Call Music! Vol. 85','{"https://is1-ssl.mzstatic.com/image/thumb/Music123/v4/15/e1/b0/15e1b0d0-388a-874c-600a-a46f076c52d5/196589732811.jpg/55x55bb.png", "https://is5-ssl.mzstatic.com/image/thumb/Music123/v4/15/e1/b0/15e1b0d0-388a-874c-600a-a46f076c52d5/196589732811.jpg/60x60bb.png", "https://is4-ssl.mzstatic.com/image/thumb/Music123/v4/15/e1/b0/15e1b0d0-388a-874c-600a-a46f076c52d5/196589732811.jpg/170x170bb.png"}',19,'{"amount": "7.99", "currency": "USD"}','℗ 2023 UMG Recordings, Inc. and Sony Music Entertainment','NOW That''s What I Call Music! Vol. 85 - Various Artists','https://music.apple.com/us/album/now-thats-what-i-call-music-vol-85/1664971105?uo=2',1,14,'2023-02-03T00:00:00-07:00',NOW(),NOW());
INSERT INTO albums(id, name, images, song_count, price, label_rights, title, url, artist_id, genre_id, release_date, created_at, updated_at) VALUES (1658865512,'High Drama','{"https://is5-ssl.mzstatic.com/image/thumb/Music112/v4/1e/42/c1/1e42c16f-f875-c330-eb94-4a403e8ddb0f/4050538887891.jpg/55x55bb.png", "https://is2-ssl.mzstatic.com/image/thumb/Music112/v4/1e/42/c1/1e42c16f-f875-c330-eb94-4a403e8ddb0f/4050538887891.jpg/60x60bb.png", "https://is4-ssl.mzstatic.com/image/thumb/Music112/v4/1e/42/c1/1e42c16f-f875-c330-eb94-4a403e8ddb0f/4050538887891.jpg/170x170bb.png"}',11,'{"amount": "9.99", "currency": "USD"}','℗ 2023 More is More, LLC under exclusive license to BMG Rights Management (US) LLC','High Drama - Adam Lambert','https://music.apple.com/us/album/high-drama/1658865512?uo=2',305371030,14,'2023-02-24T00:00:00-07:00',NOW(),NOW());
INSERT INTO albums(id, name, images, song_count, price, label_rights, title, url, artist_id, genre_id, release_date, created_at, updated_at) VALUES (1615584999,'Harry''s House','{"https://is1-ssl.mzstatic.com/image/thumb/Music126/v4/2a/19/fb/2a19fb85-2f70-9e44-f2a9-82abe679b88e/886449990061.jpg/55x55bb.png", "https://is3-ssl.mzstatic.com/image/thumb/Music126/v4/2a/19/fb/2a19fb85-2f70-9e44-f2a9-82abe679b88e/886449990061.jpg/60x60bb.png", "https://is4-ssl.mzstatic.com/image/thumb/Music126/v4/2a/19/fb/2a19fb85-2f70-9e44-f2a9-82abe679b88e/886449990061.jpg/170x170bb.png"}',13,'{"amount": "11.99", "currency": "USD"}','℗ 2022 Erskine Records Limited, under exclusive license to Columbia Records, a Division of Sony Music Entertainment','Harry''s House - Harry Styles','https://music.apple.com/us/album/harrys-house/1615584999?uo=2',471260289,14,'2022-05-20T00:00:00-07:00',NOW(),NOW());
INSERT INTO albums(id, name, images, song_count, price, label_rights, title, url, artist_id, genre_id, release_date, created_at, updated_at) VALUES (1411625594,'Evolve','{"https://is5-ssl.mzstatic.com/image/thumb/Music126/v4/11/7a/b8/117ab805-6811-8929-18b9-0fad7baf0c25/17UMGIM98210.rgb.jpg/55x55bb.png", "https://is2-ssl.mzstatic.com/image/thumb/Music126/v4/11/7a/b8/117ab805-6811-8929-18b9-0fad7baf0c25/17UMGIM98210.rgb.jpg/60x60bb.png", "https://is2-ssl.mzstatic.com/image/thumb/Music126/v4/11/7a/b8/117ab805-6811-8929-18b9-0fad7baf0c25/17UMGIM98210.rgb.jpg/170x170bb.png"}',12,'{"amount": "9.99", "currency": "USD"}','℗ 2018 KIDinaKORNER/Interscope Records','Evolve - Imagine Dragons','https://music.apple.com/us/album/evolve/1411625594?uo=2',358714030,20,'2017-06-23T00:00:00-07:00',NOW(),NOW());
INSERT INTO albums(id, name, images, song_count, price, label_rights, title, url, artist_id, genre_id, release_date, created_at, updated_at) VALUES (1617132219,'NOW That''s What I Call Country Classics 80s','{"https://is1-ssl.mzstatic.com/image/thumb/Music112/v4/83/f6/52/83f6524f-17c3-0b32-109d-33f8345971e9/22UMGIM17646.rgb.jpg/55x55bb.png", "https://is5-ssl.mzstatic.com/image/thumb/Music112/v4/83/f6/52/83f6524f-17c3-0b32-109d-33f8345971e9/22UMGIM17646.rgb.jpg/60x60bb.png", "https://is5-ssl.mzstatic.com/image/thumb/Music112/v4/83/f6/52/83f6524f-17c3-0b32-109d-33f8345971e9/22UMGIM17646.rgb.jpg/170x170bb.png"}',18,'{"amount": "7.99", "currency": "USD"}','This Compilation ℗ 2022 UMG Recordings, Inc. and Sony Music Entertainment','NOW That''s What I Call Country Classics 80s - Various Artists','https://music.apple.com/us/album/now-thats-what-i-call-country-classics-80s/1617132219?uo=2',1,6,'2022-06-03T00:00:00-07:00',NOW(),NOW());
INSERT INTO albums(id, name, images, song_count, price, label_rights, title, url, artist_id, genre_id, release_date, created_at, updated_at) VALUES (1447184494,'Look Up Child','{"https://is4-ssl.mzstatic.com/image/thumb/Music125/v4/aa/2b/b9/aa2bb92a-4ace-da16-5118-21b78935e185/829619167054.jpg/55x55bb.png", "https://is1-ssl.mzstatic.com/image/thumb/Music125/v4/aa/2b/b9/aa2bb92a-4ace-da16-5118-21b78935e185/829619167054.jpg/60x60bb.png", "https://is4-ssl.mzstatic.com/image/thumb/Music125/v4/aa/2b/b9/aa2bb92a-4ace-da16-5118-21b78935e185/829619167054.jpg/170x170bb.png"}',13,'{"amount": "7.99", "currency": "USD"}','℗ 2018 Centricity Music, exclusively marketed and distributed by Warner Records Inc.','Look Up Child - Lauren Daigle','https://music.apple.com/us/album/look-up-child/1447184494?uo=2',722177758,22,'2018-09-07T00:00:00-07:00',NOW(),NOW());
INSERT INTO albums(id, name, images, song_count, price, label_rights, title, url, artist_id, genre_id, release_date, created_at, updated_at) VALUES (1440955595,'Chronicle: The 20 Greatest Hits','{"https://is5-ssl.mzstatic.com/image/thumb/Music116/v4/a1/47/ba/a147ba91-31cd-ef4d-d785-040036d14598/12CMGIM34362.rgb.jpg/55x55bb.png", "https://is2-ssl.mzstatic.com/image/thumb/Music116/v4/a1/47/ba/a147ba91-31cd-ef4d-d785-040036d14598/12CMGIM34362.rgb.jpg/60x60bb.png", "https://is3-ssl.mzstatic.com/image/thumb/Music116/v4/a1/47/ba/a147ba91-31cd-ef4d-d785-040036d14598/12CMGIM34362.rgb.jpg/170x170bb.png"}',20,'{"amount": "11.99", "currency": "USD"}','This Compilation ℗ 2011 Concord Music Group, Inc.','Chronicle: The 20 Greatest Hits - Creedence Clearwater Revival','https://music.apple.com/us/album/chronicle-the-20-greatest-hits/1440955595?uo=2',2083606,21,'1976-01-01T00:00:00-07:00',NOW(),NOW());
INSERT INTO albums(id, name, images, song_count, price, label_rights, title, url, artist_id, genre_id, release_date, created_at, updated_at) VALUES (1667361245,'Gravel & Gold','{"https://is4-ssl.mzstatic.com/image/thumb/Music113/v4/db/e7/b9/dbe7b99d-e713-2061-5e6e-834d8b71e537/22UM1IM20296.rgb.jpg/55x55bb.png", "https://is1-ssl.mzstatic.com/image/thumb/Music113/v4/db/e7/b9/dbe7b99d-e713-2061-5e6e-834d8b71e537/22UM1IM20296.rgb.jpg/60x60bb.png", "https://is2-ssl.mzstatic.com/image/thumb/Music113/v4/db/e7/b9/dbe7b99d-e713-2061-5e6e-834d8b71e537/22UM1IM20296.rgb.jpg/170x170bb.png"}',14,'{"amount": "11.99", "currency": "USD"}','A Capitol Records Nashville Release; ℗ 2022 Dierks Bentley, under exclusive license to UMG Recordings, Inc.','Gravel & Gold - Dierks Bentley','https://music.apple.com/us/album/gravel-gold/1667361245?uo=2',3088872,6,'2023-02-24T00:00:00-07:00',NOW(),NOW());
INSERT INTO albums(id, name, images, song_count, price, label_rights, title, url, artist_id, genre_id, release_date, created_at, updated_at) VALUES (1651033448,'I Can Only Be Me (Orchestral)','{"https://is5-ssl.mzstatic.com/image/thumb/Music113/v4/7b/f4/3b/7bf43b7b-fa86-ed57-5693-ce47c7186948/190296036064.jpg/55x55bb.png", "https://is4-ssl.mzstatic.com/image/thumb/Music113/v4/7b/f4/3b/7bf43b7b-fa86-ed57-5693-ce47c7186948/190296036064.jpg/60x60bb.png", "https://is1-ssl.mzstatic.com/image/thumb/Music113/v4/7b/f4/3b/7bf43b7b-fa86-ed57-5693-ce47c7186948/190296036064.jpg/170x170bb.png"}',9,'{"amount": "9.99", "currency": "USD"}','℗ 2023 Barbara & Hugh Cassidy, Blix Street Records, Inc.','I Can Only Be Me (Orchestral) - Eva Cassidy, London Symphony Orchestra & Christopher Willis','https://music.apple.com/us/album/i-can-only-be-me-orchestral/1651033448?uo=2',1102077,25,'2023-03-03T00:00:00-07:00',NOW(),NOW());
INSERT INTO albums(id, name, images, song_count, price, label_rights, title, url, artist_id, genre_id, release_date, created_at, updated_at) VALUES (1594677532,'Encanto (Original Motion Picture Soundtrack)','{"https://is3-ssl.mzstatic.com/image/thumb/Music126/v4/94/4d/9a/944d9a8d-0549-f537-5706-5b083bd84a7d/21UM1IM38949.rgb.jpg/55x55bb.png", "https://is5-ssl.mzstatic.com/image/thumb/Music126/v4/94/4d/9a/944d9a8d-0549-f537-5706-5b083bd84a7d/21UM1IM38949.rgb.jpg/60x60bb.png", "https://is4-ssl.mzstatic.com/image/thumb/Music126/v4/94/4d/9a/944d9a8d-0549-f537-5706-5b083bd84a7d/21UM1IM38949.rgb.jpg/170x170bb.png"}',44,'{"amount": "6.99", "currency": "USD"}','℗ 2021 Walt Disney Records','Encanto (Original Motion Picture Soundtrack) - Lin-Manuel Miranda, Germaine Franco & Encanto - Cast','https://music.apple.com/us/album/encanto-original-motion-picture-soundtrack/1594677532?uo=2',329027198,1166,'2021-11-19T00:00:00-07:00',NOW(),NOW());
INSERT INTO albums(id, name, images, song_count, price, label_rights, title, url, artist_id, genre_id, release_date, created_at, updated_at) VALUES (1440657117,'Guardians of the Galaxy: Awesome Mix, Vol. 1 (Original Motion Picture Soundtrack)','{"https://is4-ssl.mzstatic.com/image/thumb/Music114/v4/3b/46/fe/3b46fe36-3fc6-8aca-8953-71f504fd0222/14DMGIM05236.rgb.jpg/55x55bb.png", "https://is3-ssl.mzstatic.com/image/thumb/Music114/v4/3b/46/fe/3b46fe36-3fc6-8aca-8953-71f504fd0222/14DMGIM05236.rgb.jpg/60x60bb.png", "https://is3-ssl.mzstatic.com/image/thumb/Music114/v4/3b/46/fe/3b46fe36-3fc6-8aca-8953-71f504fd0222/14DMGIM05236.rgb.jpg/170x170bb.png"}',12,'{"amount": "9.99", "currency": "USD"}','This Compilation ℗ 2014 Marvel Music, Inc.','Guardians of the Galaxy: Awesome Mix, Vol. 1 (Original Motion Picture Soundtrack) - Various Artists','https://music.apple.com/us/album/guardians-of-the-galaxy-awesome-mix-vol-1/1440657117?uo=2',1,16,'2014-01-01T00:00:00-07:00',NOW(),NOW());
INSERT INTO albums(id, name, images, song_count, price, label_rights, title, url, artist_id, genre_id, release_date, created_at, updated_at) VALUES (1440111976,'If I Know Me','{"https://is1-ssl.mzstatic.com/image/thumb/Music125/v4/ac/f5/19/acf51942-e001-2d6e-e0e6-49b3fd09cac4/842812106569_01_img001.jpg/55x55bb.png", "https://is5-ssl.mzstatic.com/image/thumb/Music125/v4/ac/f5/19/acf51942-e001-2d6e-e0e6-49b3fd09cac4/842812106569_01_img001.jpg/60x60bb.png", "https://is5-ssl.mzstatic.com/image/thumb/Music125/v4/ac/f5/19/acf51942-e001-2d6e-e0e6-49b3fd09cac4/842812106569_01_img001.jpg/170x170bb.png"}',14,'{"amount": "9.99", "currency": "USD"}','℗ 2018 Big Loud Records','If I Know Me - Morgan Wallen','https://music.apple.com/us/album/if-i-know-me/1440111976?uo=2',829142092,6,'2018-04-27T00:00:00-07:00',NOW(),NOW());
INSERT INTO albums(id, name, images, song_count, price, label_rights, title, url, artist_id, genre_id, release_date, created_at, updated_at) VALUES (952887,'Ray of Light','{"https://is5-ssl.mzstatic.com/image/thumb/Music115/v4/dd/2b/8d/dd2b8d84-e032-94d2-473a-3f8efd18fe36/dj.rwfgroxa.jpg/55x55bb.png", "https://is2-ssl.mzstatic.com/image/thumb/Music115/v4/dd/2b/8d/dd2b8d84-e032-94d2-473a-3f8efd18fe36/dj.rwfgroxa.jpg/60x60bb.png", "https://is4-ssl.mzstatic.com/image/thumb/Music115/v4/dd/2b/8d/dd2b8d84-e032-94d2-473a-3f8efd18fe36/dj.rwfgroxa.jpg/170x170bb.png"}',13,'{"amount": "4.99", "currency": "USD"}','℗ 1998 Warner Records Inc.','Ray of Light - Madonna','https://music.apple.com/us/album/ray-of-light/952887?uo=2',20044,14,'1998-02-22T00:00:00-07:00',NOW(),NOW());
INSERT INTO albums(id, name, images, song_count, price, label_rights, title, url, artist_id, genre_id, release_date, created_at, updated_at) VALUES (1465183308,'Six: The Musical (Studio Cast Recording)','{"https://is3-ssl.mzstatic.com/image/thumb/Music115/v4/dd/2c/3d/dd2c3d71-6086-c5c1-e72e-4fd0658cba0f/5054526984462.jpg/55x55bb.png", "https://is5-ssl.mzstatic.com/image/thumb/Music115/v4/dd/2c/3d/dd2c3d71-6086-c5c1-e72e-4fd0658cba0f/5054526984462.jpg/60x60bb.png", "https://is2-ssl.mzstatic.com/image/thumb/Music115/v4/dd/2c/3d/dd2c3d71-6086-c5c1-e72e-4fd0658cba0f/5054526984462.jpg/170x170bb.png"}',9,'{"amount": "8.99", "currency": "USD"}','℗ 2018 6 Music Ltd a division of Loudmouth, under exclusive license from Ex-Wives Ltd','Six: The Musical (Studio Cast Recording) - SIX, Toby Marlow & Lucy Moss','https://music.apple.com/us/album/six-the-musical-studio-cast-recording/1465183308?uo=2',1436720478,1166,'2018-08-31T00:00:00-07:00',NOW(),NOW());
INSERT INTO albums(id, name, images, song_count, price, label_rights, title, url, artist_id, genre_id, release_date, created_at, updated_at) VALUES (1674047880,'TRUSTFALL','{"https://is1-ssl.mzstatic.com/image/thumb/Music116/v4/14/e3/51/14e3514c-fb8c-c6d2-9a1c-331e8a152067/196589875488.jpg/55x55bb.png", "https://is5-ssl.mzstatic.com/image/thumb/Music116/v4/14/e3/51/14e3514c-fb8c-c6d2-9a1c-331e8a152067/196589875488.jpg/60x60bb.png", "https://is1-ssl.mzstatic.com/image/thumb/Music116/v4/14/e3/51/14e3514c-fb8c-c6d2-9a1c-331e8a152067/196589875488.jpg/170x170bb.png"}',13,'{"amount": "11.99", "currency": "USD"}','℗ 2023 RCA Records, a division of Sony Music Entertainment.','TRUSTFALL - P!nk','https://music.apple.com/us/album/trustfall/1674047880?uo=2',4488522,14,'2023-02-17T00:00:00-07:00',NOW(),NOW());
INSERT INTO albums(id, name, images, song_count, price, label_rights, title, url, artist_id, genre_id, release_date, created_at, updated_at) VALUES (579372950,'Metallica','{"https://is3-ssl.mzstatic.com/image/thumb/Music125/v4/18/93/db/1893db5c-ddd1-b95c-3112-b9b83bcceab0/0093624986553.jpg/55x55bb.png", "https://is2-ssl.mzstatic.com/image/thumb/Music125/v4/18/93/db/1893db5c-ddd1-b95c-3112-b9b83bcceab0/0093624986553.jpg/60x60bb.png", "https://is5-ssl.mzstatic.com/image/thumb/Music125/v4/18/93/db/1893db5c-ddd1-b95c-3112-b9b83bcceab0/0093624986553.jpg/170x170bb.png"}',12,'{"amount": "9.99", "currency": "USD"}','℗ 1991 Blackened Recordings','Metallica - Metallica','https://music.apple.com/us/album/metallica/579372950?uo=2',3996865,1153,'1991-08-12T00:00:00-07:00',NOW(),NOW());
INSERT INTO albums(id, name, images, song_count, price, label_rights, title, url, artist_id, genre_id, release_date, created_at, updated_at) VALUES (158815463,'The Essential Billy Joel','{"https://is3-ssl.mzstatic.com/image/thumb/Music125/v4/f0/7a/54/f07a54ab-3ebc-6813-e515-86200b8138fc/dj.uthntyfe.jpg/55x55bb.png", "https://is2-ssl.mzstatic.com/image/thumb/Music125/v4/f0/7a/54/f07a54ab-3ebc-6813-e515-86200b8138fc/dj.uthntyfe.jpg/60x60bb.png", "https://is5-ssl.mzstatic.com/image/thumb/Music125/v4/f0/7a/54/f07a54ab-3ebc-6813-e515-86200b8138fc/dj.uthntyfe.jpg/170x170bb.png"}',36,'{"amount": "14.99", "currency": "USD"}','℗ This compilation (P) 2001 Sony Music Entertainment','The Essential Billy Joel - Billy Joel','https://music.apple.com/us/album/the-essential-billy-joel/158815463?uo=2',485953,21,'2001-10-02T00:00:00-07:00',NOW(),NOW());
INSERT INTO albums(id, name, images, song_count, price, label_rights, title, url, artist_id, genre_id, release_date, created_at, updated_at) VALUES (1621817793,'Top Gun: Maverick (Music from the Motion Picture)','{"https://is5-ssl.mzstatic.com/image/thumb/Music122/v4/e6/14/14/e6141444-6597-4c3a-7ad1-86304528acf4/22UMGIM45569.rgb.jpg/55x55bb.png", "https://is4-ssl.mzstatic.com/image/thumb/Music122/v4/e6/14/14/e6141444-6597-4c3a-7ad1-86304528acf4/22UMGIM45569.rgb.jpg/60x60bb.png", "https://is4-ssl.mzstatic.com/image/thumb/Music122/v4/e6/14/14/e6141444-6597-4c3a-7ad1-86304528acf4/22UMGIM45569.rgb.jpg/170x170bb.png"}',12,'{"amount": "6.99", "currency": "USD"}','℗ 2022 Interscope Records','Top Gun: Maverick (Music from the Motion Picture) - Lorne Balfe, Harold Faltermeyer, Lady Gaga & Hans Zimmer','https://music.apple.com/us/album/top-gun-maverick-music-from-the-motion-picture/1621817793?uo=2',81586169,16,'2022-05-27T00:00:00-07:00',NOW(),NOW());
INSERT INTO albums(id, name, images, song_count, price, label_rights, title, url, artist_id, genre_id, release_date, created_at, updated_at) VALUES (1617851578,'NOW That''s What I Call A Decade! 2000s','{"https://is4-ssl.mzstatic.com/image/thumb/Music112/v4/99/4a/56/994a5637-25d6-ddb2-1d7f-ea93348792bd/22UMGIM26400.rgb.jpg/55x55bb.png", "https://is1-ssl.mzstatic.com/image/thumb/Music112/v4/99/4a/56/994a5637-25d6-ddb2-1d7f-ea93348792bd/22UMGIM26400.rgb.jpg/60x60bb.png", "https://is2-ssl.mzstatic.com/image/thumb/Music112/v4/99/4a/56/994a5637-25d6-ddb2-1d7f-ea93348792bd/22UMGIM26400.rgb.jpg/170x170bb.png"}',20,'{"amount": "7.99", "currency": "USD"}','This Compilation ℗ 2022 UMG Recordings, Inc. and Sony Music Entertainment','NOW That''s What I Call A Decade! 2000s - Various Artists','https://music.apple.com/us/album/now-thats-what-i-call-a-decade-2000s/1617851578?uo=2',1,14,'2022-05-06T00:00:00-07:00',NOW(),NOW());
INSERT INTO albums(id, name, images, song_count, price, label_rights, title, url, artist_id, genre_id, release_date, created_at, updated_at) VALUES (1674750246,'Circle - The 1st Album','{"https://is3-ssl.mzstatic.com/image/thumb/Music116/v4/99/1e/65/991e6574-3f76-48b9-0e52-b66adc8bb2b7/ONEW01_circle_DC.jpg/55x55bb.png", "https://is5-ssl.mzstatic.com/image/thumb/Music116/v4/99/1e/65/991e6574-3f76-48b9-0e52-b66adc8bb2b7/ONEW01_circle_DC.jpg/60x60bb.png", "https://is2-ssl.mzstatic.com/image/thumb/Music116/v4/99/1e/65/991e6574-3f76-48b9-0e52-b66adc8bb2b7/ONEW01_circle_DC.jpg/170x170bb.png"}',10,'{"amount": "8.99", "currency": "USD"}','℗ 2023 SM Entertainment','Circle - The 1st Album - ONEW','https://music.apple.com/us/album/circle-the-1st-album/1674750246?uo=2',555635570,51,'2023-03-06T00:00:00-07:00',NOW(),NOW());
INSERT INTO albums(id, name, images, song_count, price, label_rights, title, url, artist_id, genre_id, release_date, created_at, updated_at) VALUES (1299856714,'The Greatest Showman (Original Motion Picture Soundtrack)','{"https://is5-ssl.mzstatic.com/image/thumb/Music115/v4/a6/63/54/a6635418-7d49-b237-d1c9-ba85fa57dbc6/075679886613.jpg/55x55bb.png", "https://is2-ssl.mzstatic.com/image/thumb/Music115/v4/a6/63/54/a6635418-7d49-b237-d1c9-ba85fa57dbc6/075679886613.jpg/60x60bb.png", "https://is2-ssl.mzstatic.com/image/thumb/Music115/v4/a6/63/54/a6635418-7d49-b237-d1c9-ba85fa57dbc6/075679886613.jpg/170x170bb.png"}',11,'{"amount": "8.99", "currency": "USD"}','℗ 2017 This compilation Atlantic Recording Corporation for the United States and WEA International Inc. for the world outside of the United States. Motion Picture Artwork, Photos, and Fox Trademarks and Logos TM and © 2017 Twentieth Century Fox Film Corporation.','The Greatest Showman (Original Motion Picture Soundtrack) - Benj Pasek & Justin Paul, Hugh Jackman, Keala Settle, Zac Efron, Zendaya','https://music.apple.com/us/album/the-greatest-showman-original-motion-picture-soundtrack/1299856714?uo=2',1343414759,1166,'2017-12-08T00:00:00-07:00',NOW(),NOW());
INSERT INTO albums(id, name, images, song_count, price, label_rights, title, url, artist_id, genre_id, release_date, created_at, updated_at) VALUES (1468058165,'Lover','{"https://is3-ssl.mzstatic.com/image/thumb/Music125/v4/49/3d/ab/493dab54-f920-9043-6181-80993b8116c9/19UMGIM53909.rgb.jpg/55x55bb.png", "https://is5-ssl.mzstatic.com/image/thumb/Music125/v4/49/3d/ab/493dab54-f920-9043-6181-80993b8116c9/19UMGIM53909.rgb.jpg/60x60bb.png", "https://is2-ssl.mzstatic.com/image/thumb/Music125/v4/49/3d/ab/493dab54-f920-9043-6181-80993b8116c9/19UMGIM53909.rgb.jpg/170x170bb.png"}',18,'{"amount": "11.99", "currency": "USD"}','℗ 2019 Taylor Swift','Lover - Taylor Swift','https://music.apple.com/us/album/lover/1468058165?uo=2',159260351,14,'2019-08-23T00:00:00-07:00',NOW(),NOW());
INSERT INTO albums(id, name, images, song_count, price, label_rights, title, url, artist_id, genre_id, release_date, created_at, updated_at) VALUES (791588126,'Cole Swindell','{"https://is4-ssl.mzstatic.com/image/thumb/Music114/v4/11/5b/87/115b87cd-475b-ea93-f03f-cac139ff69ba/093624939290.jpg/55x55bb.png", "https://is1-ssl.mzstatic.com/image/thumb/Music114/v4/11/5b/87/115b87cd-475b-ea93-f03f-cac139ff69ba/093624939290.jpg/60x60bb.png", "https://is5-ssl.mzstatic.com/image/thumb/Music114/v4/11/5b/87/115b87cd-475b-ea93-f03f-cac139ff69ba/093624939290.jpg/170x170bb.png"}',12,'{"amount": "4.99", "currency": "USD"}','℗ 2014 Warner Music Nashville LLC and WEA International Inc. for the world outside the U.S.','Cole Swindell - Cole Swindell','https://music.apple.com/us/album/cole-swindell/791588126?uo=2',354625084,6,'2014-02-18T00:00:00-07:00',NOW(),NOW());
INSERT INTO albums(id, name, images, song_count, price, label_rights, title, url, artist_id, genre_id, release_date, created_at, updated_at) VALUES (1469579555,'Greatest Hits','{"https://is5-ssl.mzstatic.com/image/thumb/Music112/v4/78/61/dd/7861dd44-f796-08ea-c8ff-7f8a12a86db1/15UMGIM69649.rgb.jpg/55x55bb.png", "https://is4-ssl.mzstatic.com/image/thumb/Music112/v4/78/61/dd/7861dd44-f796-08ea-c8ff-7f8a12a86db1/15UMGIM69649.rgb.jpg/60x60bb.png", "https://is4-ssl.mzstatic.com/image/thumb/Music112/v4/78/61/dd/7861dd44-f796-08ea-c8ff-7f8a12a86db1/15UMGIM69649.rgb.jpg/170x170bb.png"}',18,'{"amount": "9.99", "currency": "USD"}','This Compilation ℗ 2014 Geffen Records','Greatest Hits - Tom Petty & The Heartbreakers','https://music.apple.com/us/album/greatest-hits/1469579555?uo=2',161527,21,'1993-11-16T00:00:00-07:00',NOW(),NOW());
INSERT INTO albums(id, name, images, song_count, price, label_rights, title, url, artist_id, genre_id, release_date, created_at, updated_at) VALUES (1440933849,'reputation','{"https://is2-ssl.mzstatic.com/image/thumb/Music125/v4/ba/16/42/ba1642a8-0c75-a83d-3b9c-8c2eba140dc5/00843930033133.rgb.jpg/55x55bb.png", "https://is4-ssl.mzstatic.com/image/thumb/Music125/v4/ba/16/42/ba1642a8-0c75-a83d-3b9c-8c2eba140dc5/00843930033133.rgb.jpg/60x60bb.png", "https://is3-ssl.mzstatic.com/image/thumb/Music125/v4/ba/16/42/ba1642a8-0c75-a83d-3b9c-8c2eba140dc5/00843930033133.rgb.jpg/170x170bb.png"}',15,'{"amount": "9.99", "currency": "USD"}','℗ 2017 Apollo A-1 LLC','reputation - Taylor Swift','https://music.apple.com/us/album/reputation/1440933849?uo=2',159260351,14,'2017-11-10T00:00:00-07:00',NOW(),NOW());
INSERT INTO albums(id, name, images, song_count, price, label_rights, title, url, artist_id, genre_id, release_date, created_at, updated_at) VALUES (747087657,'Tapestry','{"https://is4-ssl.mzstatic.com/image/thumb/Music115/v4/68/b6/0e/68b60e89-9d41-e8a1-bba2-05c750f0832b/dj.hwpyamqm.jpg/55x55bb.png", "https://is1-ssl.mzstatic.com/image/thumb/Music115/v4/68/b6/0e/68b60e89-9d41-e8a1-bba2-05c750f0832b/dj.hwpyamqm.jpg/60x60bb.png", "https://is5-ssl.mzstatic.com/image/thumb/Music115/v4/68/b6/0e/68b60e89-9d41-e8a1-bba2-05c750f0832b/dj.hwpyamqm.jpg/170x170bb.png"}',12,'{"amount": "9.99", "currency": "USD"}','℗ Originally released 1971. All rights reserved by Ode Records. Originally released 1961, 1971. All rights reserved by Sony Music Entertainment. (P) 2007, 2008 Sony Music Entertainment.','Tapestry - Carole King','https://music.apple.com/us/album/tapestry/747087657?uo=2',34495,10,'1971-02-10T00:00:00-07:00',NOW(),NOW());
INSERT INTO albums(id, name, images, song_count, price, label_rights, title, url, artist_id, genre_id, release_date, created_at, updated_at) VALUES (1440833098,'1','{"https://is4-ssl.mzstatic.com/image/thumb/Music116/v4/f2/98/fb/f298fb48-1e0e-6ad4-4cff-fb824b77f02e/15UMGIM59587.rgb.jpg/55x55bb.png", "https://is3-ssl.mzstatic.com/image/thumb/Music116/v4/f2/98/fb/f298fb48-1e0e-6ad4-4cff-fb824b77f02e/15UMGIM59587.rgb.jpg/60x60bb.png", "https://is5-ssl.mzstatic.com/image/thumb/Music116/v4/f2/98/fb/f298fb48-1e0e-6ad4-4cff-fb824b77f02e/15UMGIM59587.rgb.jpg/170x170bb.png"}',27,'{"amount": "12.99", "currency": "USD"}','This Compilation ℗ 2015 Calderstone Productions Limited (a division of Universal Music Group) / Apple Corps Ltd.','1 - The Beatles','https://music.apple.com/us/album/1/1440833098?uo=2',136975,21,'2000-11-13T00:00:00-07:00',NOW(),NOW());
INSERT INTO albums(id, name, images, song_count, price, label_rights, title, url, artist_id, genre_id, release_date, created_at, updated_at) VALUES (1440618177,'Frozen (Original Motion Picture Soundtrack)','{"https://is2-ssl.mzstatic.com/image/thumb/Music126/v4/4c/5d/31/4c5d3166-3a4b-fb3c-473e-1776ff947466/13DMGIM04437.rgb.jpg/55x55bb.png", "https://is4-ssl.mzstatic.com/image/thumb/Music126/v4/4c/5d/31/4c5d3166-3a4b-fb3c-473e-1776ff947466/13DMGIM04437.rgb.jpg/60x60bb.png", "https://is3-ssl.mzstatic.com/image/thumb/Music126/v4/4c/5d/31/4c5d3166-3a4b-fb3c-473e-1776ff947466/13DMGIM04437.rgb.jpg/170x170bb.png"}',32,'{"amount": "6.99", "currency": "USD"}','This Compilation ℗ 2013 Walt Disney Records','Frozen (Original Motion Picture Soundtrack) - Kristen Anderson-Lopez & Robert Lopez, Idina Menzel, Kristen Bell & Christophe Beck','https://music.apple.com/us/album/frozen-original-motion-picture-soundtrack/1440618177?uo=2',456023325,1166,'2013-11-25T00:00:00-07:00',NOW(),NOW());
INSERT INTO albums(id, name, images, song_count, price, label_rights, title, url, artist_id, genre_id, release_date, created_at, updated_at) VALUES (1440634928,'Moana (Original Motion Picture Soundtrack)','{"https://is2-ssl.mzstatic.com/image/thumb/Music128/v4/74/22/42/7422427d-57d9-3667-0a69-098820c22dc0/00050087352448.rgb.jpg/55x55bb.png", "https://is4-ssl.mzstatic.com/image/thumb/Music128/v4/74/22/42/7422427d-57d9-3667-0a69-098820c22dc0/00050087352448.rgb.jpg/60x60bb.png", "https://is3-ssl.mzstatic.com/image/thumb/Music128/v4/74/22/42/7422427d-57d9-3667-0a69-098820c22dc0/00050087352448.rgb.jpg/170x170bb.png"}',40,'{"amount": "6.99", "currency": "USD"}','This Compilation ℗ 2016 Walt Disney Records','Moana (Original Motion Picture Soundtrack) - Lin-Manuel Miranda, Opetaia Foa''i, Mark Mancina & Auli''i Cravalho','https://music.apple.com/us/album/moana-original-motion-picture-soundtrack/1440634928?uo=2',329027199,16,'2016-11-18T00:00:00-07:00',NOW(),NOW());
INSERT INTO albums(id, name, images, song_count, price, label_rights, title, url, artist_id, genre_id, release_date, created_at, updated_at) VALUES (323436531,'The Ultimate Collection','{"https://is5-ssl.mzstatic.com/image/thumb/Music124/v4/69/92/94/6992941f-42a9-265d-1471-3e8d319ea697/mzi.yuwsvyfh.jpg/55x55bb.png", "https://is2-ssl.mzstatic.com/image/thumb/Music124/v4/69/92/94/6992941f-42a9-265d-1471-3e8d319ea697/mzi.yuwsvyfh.jpg/60x60bb.png", "https://is5-ssl.mzstatic.com/image/thumb/Music124/v4/69/92/94/6992941f-42a9-265d-1471-3e8d319ea697/mzi.yuwsvyfh.jpg/170x170bb.png"}',19,'{"amount": "10.99", "currency": "USD"}','℗ 2005 Warner Records Inc. Marketed by Rhino Entertainment Company, a Warner Music Group Company.','The Ultimate Collection - Michael McDonald','https://music.apple.com/us/album/the-ultimate-collection/323436531?uo=2',62522,21,'2005-08-09T00:00:00-07:00',NOW(),NOW());
INSERT INTO albums(id, name, images, song_count, price, label_rights, title, url, artist_id, genre_id, release_date, created_at, updated_at) VALUES (1469575763,'Legend – The Best Of Bob Marley & The Wailers','{"https://is2-ssl.mzstatic.com/image/thumb/Music113/v4/ea/20/06/ea2006f9-7512-cf9c-7b44-78116156875e/12UMGIM14712.rgb.jpg/55x55bb.png", "https://is1-ssl.mzstatic.com/image/thumb/Music113/v4/ea/20/06/ea2006f9-7512-cf9c-7b44-78116156875e/12UMGIM14712.rgb.jpg/60x60bb.png", "https://is3-ssl.mzstatic.com/image/thumb/Music113/v4/ea/20/06/ea2006f9-7512-cf9c-7b44-78116156875e/12UMGIM14712.rgb.jpg/170x170bb.png"}',16,'{"amount": "9.99", "currency": "USD"}','This Compilation ℗ 2002 The Island Def Jam Music Group','Legend – The Best Of Bob Marley & The Wailers - Bob Marley & The Wailers','https://music.apple.com/us/album/legend-the-best-of-bob-marley-the-wailers/1469575763?uo=2',3174628,24,'1984-05-08T00:00:00-07:00',NOW(),NOW());
INSERT INTO albums(id, name, images, song_count, price, label_rights, title, url, artist_id, genre_id, release_date, created_at, updated_at) VALUES (158711950,'Greatest Hits 1985-1995','{"https://is2-ssl.mzstatic.com/image/thumb/Music115/v4/b9/21/8c/b9218c32-83a8-6c48-4959-a5b760010c6e/mzi.yzoxolvi.jpg/55x55bb.png", "https://is1-ssl.mzstatic.com/image/thumb/Music115/v4/b9/21/8c/b9218c32-83a8-6c48-4959-a5b760010c6e/mzi.yzoxolvi.jpg/60x60bb.png", "https://is3-ssl.mzstatic.com/image/thumb/Music115/v4/b9/21/8c/b9218c32-83a8-6c48-4959-a5b760010c6e/mzi.yzoxolvi.jpg/170x170bb.png"}',17,'{"amount": "11.99", "currency": "USD"}','℗ 1987,1989,1991,1992,1993,1995 Sony Music Entertainment Inc.','Greatest Hits 1985-1995 - Michael Bolton','https://music.apple.com/us/album/greatest-hits-1985-1995/158711950?uo=2',200151,14,'1995-09-19T00:00:00-07:00',NOW(),NOW());
INSERT INTO albums(id, name, images, song_count, price, label_rights, title, url, artist_id, genre_id, release_date, created_at, updated_at) VALUES (1413927531,'Gold: Greatest Hits','{"https://is3-ssl.mzstatic.com/image/thumb/Music124/v4/8a/60/e3/8a60e389-06f5-b075-4ae9-f3e77e583b13/00602567822059.rgb.jpg/55x55bb.png", "https://is5-ssl.mzstatic.com/image/thumb/Music124/v4/8a/60/e3/8a60e389-06f5-b075-4ae9-f3e77e583b13/00602567822059.rgb.jpg/60x60bb.png", "https://is2-ssl.mzstatic.com/image/thumb/Music124/v4/8a/60/e3/8a60e389-06f5-b075-4ae9-f3e77e583b13/00602567822059.rgb.jpg/170x170bb.png"}',20,'{"amount": "9.99", "currency": "USD"}','An A&M Records release; This Compilation ℗ 2000 UMG Recordings, Inc.','Gold: Greatest Hits - Carpenters','https://music.apple.com/us/album/gold-greatest-hits/1413927531?uo=2',117982008,14,'2000-09-13T00:00:00-07:00',NOW(),NOW());
INSERT INTO albums(id, name, images, song_count, price, label_rights, title, url, artist_id, genre_id, release_date, created_at, updated_at) VALUES (1577281951,'Greatest Hits (Deluxe)','{"https://is2-ssl.mzstatic.com/image/thumb/Music125/v4/fe/8f/48/fe8f481a-4d75-86e5-6722-92a37ffeb324/21UMGIM63939.rgb.jpg/55x55bb.png", "https://is1-ssl.mzstatic.com/image/thumb/Music125/v4/fe/8f/48/fe8f481a-4d75-86e5-6722-92a37ffeb324/21UMGIM63939.rgb.jpg/60x60bb.png", "https://is1-ssl.mzstatic.com/image/thumb/Music125/v4/fe/8f/48/fe8f481a-4d75-86e5-6722-92a37ffeb324/21UMGIM63939.rgb.jpg/170x170bb.png"}',27,'{"amount": "12.99", "currency": "USD"}','This Compilation ℗ 2021 Hideout Records & Distributors, Inc., under exclusive license to Capitol Records, LLC','Greatest Hits (Deluxe) - Bob Seger','https://music.apple.com/us/album/greatest-hits-deluxe/1577281951?uo=2',26211744,21,'1994-01-01T00:00:00-07:00',NOW(),NOW());
INSERT INTO albums(id, name, images, song_count, price, label_rights, title, url, artist_id, genre_id, release_date, created_at, updated_at) VALUES (1617388064,'The Essential John Denver','{"https://is4-ssl.mzstatic.com/image/thumb/Music122/v4/c6/c7/6f/c6c76f73-fcc7-93f7-ced1-2a74c9bdeead/196589072375.jpg/55x55bb.png", "https://is1-ssl.mzstatic.com/image/thumb/Music122/v4/c6/c7/6f/c6c76f73-fcc7-93f7-ced1-2a74c9bdeead/196589072375.jpg/60x60bb.png", "https://is2-ssl.mzstatic.com/image/thumb/Music122/v4/c6/c7/6f/c6c76f73-fcc7-93f7-ced1-2a74c9bdeead/196589072375.jpg/170x170bb.png"}',36,'{"amount": "14.99", "currency": "USD"}','℗ This compilation (P) 2007 RCA Records, a division of Sony Music Entertainment','The Essential John Denver - John Denver','https://music.apple.com/us/album/the-essential-john-denver/1617388064?uo=2',208469,6,'2007-02-27T00:00:00-07:00',NOW(),NOW());
INSERT INTO albums(id, name, images, song_count, price, label_rights, title, url, artist_id, genre_id, release_date, created_at, updated_at) VALUES (1663956805,'Bluebird Days','{"https://is2-ssl.mzstatic.com/image/thumb/Music113/v4/6e/fa/99/6efa990d-ef2e-10cd-a88d-5646450ce99d/22UM1IM40058.rgb.jpg/55x55bb.png", "https://is1-ssl.mzstatic.com/image/thumb/Music113/v4/6e/fa/99/6efa990d-ef2e-10cd-a88d-5646450ce99d/22UM1IM40058.rgb.jpg/60x60bb.png", "https://is5-ssl.mzstatic.com/image/thumb/Music113/v4/6e/fa/99/6efa990d-ef2e-10cd-a88d-5646450ce99d/22UM1IM40058.rgb.jpg/170x170bb.png"}',17,'{"amount": "11.99", "currency": "USD"}','An MCA Nashville Release; ℗ 2023 UMG Recordings, Inc.','Bluebird Days - Jordan Davis','https://music.apple.com/us/album/bluebird-days/1663956805?uo=2',1240921740,6,'2023-02-17T00:00:00-07:00',NOW(),NOW());
INSERT INTO albums(id, name, images, song_count, price, label_rights, title, url, artist_id, genre_id, release_date, created_at, updated_at) VALUES (1646486853,'HANS ZIMMER LIVE','{"https://is2-ssl.mzstatic.com/image/thumb/Music112/v4/eb/55/f3/eb55f39c-d81c-7854-2737-20f470d0b50f/886449451852.jpg/55x55bb.png", "https://is1-ssl.mzstatic.com/image/thumb/Music112/v4/eb/55/f3/eb55f39c-d81c-7854-2737-20f470d0b50f/886449451852.jpg/60x60bb.png", "https://is4-ssl.mzstatic.com/image/thumb/Music112/v4/eb/55/f3/eb55f39c-d81c-7854-2737-20f470d0b50f/886449451852.jpg/170x170bb.png"}',31,'{"amount": "16.99", "currency": "USD"}','℗ 2023 Sony Music Entertainment Germany GmbH','HANS ZIMMER LIVE - Hans Zimmer & The Disruptive Collective','https://music.apple.com/us/album/hans-zimmer-live/1646486853?uo=2',454295032,1022,'2023-03-03T00:00:00-07:00',NOW(),NOW());
INSERT INTO albums(id, name, images, song_count, price, label_rights, title, url, artist_id, genre_id, release_date, created_at, updated_at) VALUES (913902091,'Boston','{"https://is2-ssl.mzstatic.com/image/thumb/Music115/v4/1c/3f/58/1c3f583c-1fe6-cb8a-fa68-2176e283ed3e/886444824972.jpg/55x55bb.png", "https://is1-ssl.mzstatic.com/image/thumb/Music115/v4/1c/3f/58/1c3f583c-1fe6-cb8a-fa68-2176e283ed3e/886444824972.jpg/60x60bb.png", "https://is3-ssl.mzstatic.com/image/thumb/Music115/v4/1c/3f/58/1c3f583c-1fe6-cb8a-fa68-2176e283ed3e/886444824972.jpg/170x170bb.png"}',8,'{"amount": "8.99", "currency": "USD"}','℗ 1976, 2006 Epic Records, a division of Sony Music Entertainment','Boston - Boston','https://music.apple.com/us/album/boston/913902091?uo=2',60960,21,'1976-08-25T00:00:00-07:00',NOW(),NOW());
INSERT INTO albums(id, name, images, song_count, price, label_rights, title, url, artist_id, genre_id, release_date, created_at, updated_at) VALUES (1422648512,'ABBA Gold: Greatest Hits','{"https://is2-ssl.mzstatic.com/image/thumb/Music115/v4/60/f8/a6/60f8a6bc-e875-238d-f2f8-f34a6034e6d2/14UMGIM07615.rgb.jpg/55x55bb.png", "https://is4-ssl.mzstatic.com/image/thumb/Music115/v4/60/f8/a6/60f8a6bc-e875-238d-f2f8-f34a6034e6d2/14UMGIM07615.rgb.jpg/60x60bb.png", "https://is5-ssl.mzstatic.com/image/thumb/Music115/v4/60/f8/a6/60f8a6bc-e875-238d-f2f8-f34a6034e6d2/14UMGIM07615.rgb.jpg/170x170bb.png"}',19,'{"amount": "9.99", "currency": "USD"}','This Compilation ℗ 2014 Polar Music International AB','ABBA Gold: Greatest Hits - ABBA','https://music.apple.com/us/album/abba-gold-greatest-hits/1422648512?uo=2',372976,14,'1992-09-21T00:00:00-07:00',NOW(),NOW());
INSERT INTO albums(id, name, images, song_count, price, label_rights, title, url, artist_id, genre_id, release_date, created_at, updated_at) VALUES (1592745677,'Sing 2 (Original Motion Picture Soundtrack)','{"https://is1-ssl.mzstatic.com/image/thumb/Music126/v4/c2/d2/6d/c2d26dcf-7e1b-ed4c-f598-f8dcb42b0f75/21UM1IM35664.rgb.jpg/55x55bb.png", "https://is3-ssl.mzstatic.com/image/thumb/Music126/v4/c2/d2/6d/c2d26dcf-7e1b-ed4c-f598-f8dcb42b0f75/21UM1IM35664.rgb.jpg/60x60bb.png", "https://is5-ssl.mzstatic.com/image/thumb/Music126/v4/c2/d2/6d/c2d26dcf-7e1b-ed4c-f598-f8dcb42b0f75/21UM1IM35664.rgb.jpg/170x170bb.png"}',17,'{"amount": "6.99", "currency": "USD"}','This Compilation ℗ 2021 Universal Pictures, a division of Universal City Studios LLC, under exclusive license to Republic Records, a division of UMG Recordings, Inc.','Sing 2 (Original Motion Picture Soundtrack) - Various Artists','https://music.apple.com/us/album/sing-2-original-motion-picture-soundtrack/1592745677?uo=2',1,1166,'2021-12-17T00:00:00-07:00',NOW(),NOW());
INSERT INTO albums(id, name, images, song_count, price, label_rights, title, url, artist_id, genre_id, release_date, created_at, updated_at) VALUES (1440935467,'1989','{"https://is4-ssl.mzstatic.com/image/thumb/Music115/v4/09/01/16/090116af-770e-23da-21a9-6bd30782eda5/00843930013562.rgb.jpg/55x55bb.png", "https://is1-ssl.mzstatic.com/image/thumb/Music115/v4/09/01/16/090116af-770e-23da-21a9-6bd30782eda5/00843930013562.rgb.jpg/60x60bb.png", "https://is3-ssl.mzstatic.com/image/thumb/Music115/v4/09/01/16/090116af-770e-23da-21a9-6bd30782eda5/00843930013562.rgb.jpg/170x170bb.png"}',13,'{"amount": "10.99", "currency": "USD"}','℗ 2014 Apollo A-1 LLC','1989 - Taylor Swift','https://music.apple.com/us/album/1989/1440935467?uo=2',159260351,14,'2014-10-27T00:00:00-07:00',NOW(),NOW());
INSERT INTO albums(id, name, images, song_count, price, label_rights, title, url, artist_id, genre_id, release_date, created_at, updated_at) VALUES (715937222,'Fiddler on the Roof (Original Motion Picture Soundtrack)','{"https://is3-ssl.mzstatic.com/image/thumb/Music115/v4/36/92/8a/36928a33-5dae-2f1d-138f-2a37c4fdf34d/05099924217552.rgb.jpg/55x55bb.png", "https://is2-ssl.mzstatic.com/image/thumb/Music115/v4/36/92/8a/36928a33-5dae-2f1d-138f-2a37c4fdf34d/05099924217552.rgb.jpg/60x60bb.png", "https://is3-ssl.mzstatic.com/image/thumb/Music115/v4/36/92/8a/36928a33-5dae-2f1d-138f-2a37c4fdf34d/05099924217552.rgb.jpg/170x170bb.png"}',14,'{"amount": "9.99", "currency": "USD"}','℗ 1971 Capitol Records, LLC','Fiddler on the Roof (Original Motion Picture Soundtrack) - Chaim Topol, John Williams & "Fiddler on the Roof" Motion Picture Chorus & Orchestra','https://music.apple.com/us/album/fiddler-on-the-roof-original-motion-picture-soundtrack/715937222?uo=2',203641671,1166,'1971-08-24T00:00:00-07:00',NOW(),NOW());
INSERT INTO albums(id, name, images, song_count, price, label_rights, title, url, artist_id, genre_id, release_date, created_at, updated_at) VALUES (1610801706,'My Jesus','{"https://is5-ssl.mzstatic.com/image/thumb/Music126/v4/87/cd/1d/87cd1d4c-b561-fdb2-ac9e-4c6b90d8b82c/22UMGIM18259.rgb.jpg/55x55bb.png", "https://is4-ssl.mzstatic.com/image/thumb/Music126/v4/87/cd/1d/87cd1d4c-b561-fdb2-ac9e-4c6b90d8b82c/22UMGIM18259.rgb.jpg/60x60bb.png", "https://is3-ssl.mzstatic.com/image/thumb/Music126/v4/87/cd/1d/87cd1d4c-b561-fdb2-ac9e-4c6b90d8b82c/22UMGIM18259.rgb.jpg/170x170bb.png"}',15,'{"amount": "10.99", "currency": "USD"}','Sparrow Records; ℗ 2022 Capitol CMG, Inc.','My Jesus - Anne Wilson','https://music.apple.com/us/album/my-jesus/1610801706?uo=2',1561871798,22,'2022-04-22T00:00:00-07:00',NOW(),NOW());
INSERT INTO albums(id, name, images, song_count, price, label_rights, title, url, artist_id, genre_id, release_date, created_at, updated_at) VALUES (1633771855,'SUBJECT TO CHANGE','{"https://is5-ssl.mzstatic.com/image/thumb/Music122/v4/4f/2c/32/4f2c32bf-5a25-5c23-acf3-c92b7a388b0d/196925407298.jpg/55x55bb.png", "https://is2-ssl.mzstatic.com/image/thumb/Music122/v4/4f/2c/32/4f2c32bf-5a25-5c23-acf3-c92b7a388b0d/196925407298.jpg/60x60bb.png", "https://is3-ssl.mzstatic.com/image/thumb/Music122/v4/4f/2c/32/4f2c32bf-5a25-5c23-acf3-c92b7a388b0d/196925407298.jpg/170x170bb.png"}',15,'{"amount": "9.99", "currency": "USD"}','℗ 2022 Black River Entertainment','SUBJECT TO CHANGE - Kelsea Ballerini','https://music.apple.com/us/album/subject-to-change/1633771855?uo=2',382270241,6,'2022-09-23T00:00:00-07:00',NOW(),NOW());
INSERT INTO albums(id, name, images, song_count, price, label_rights, title, url, artist_id, genre_id, release_date, created_at, updated_at) VALUES (1659959601,'The Songs of Bacharach & Costello (Super Deluxe)','{"https://is5-ssl.mzstatic.com/image/thumb/Music112/v4/18/9b/1d/189b1d0e-c431-2297-4bf4-71694ae88722/22UM1IM43139.rgb.jpg/55x55bb.png", "https://is4-ssl.mzstatic.com/image/thumb/Music112/v4/18/9b/1d/189b1d0e-c431-2297-4bf4-71694ae88722/22UM1IM43139.rgb.jpg/60x60bb.png", "https://is3-ssl.mzstatic.com/image/thumb/Music112/v4/18/9b/1d/189b1d0e-c431-2297-4bf4-71694ae88722/22UM1IM43139.rgb.jpg/170x170bb.png"}',45,'{"amount": "19.99", "currency": "USD"}','A Universal Music Enterprises release; ℗ 2023 UMG Recordings, Inc.','The Songs of Bacharach & Costello (Super Deluxe) - Burt Bacharach & Elvis Costello','https://music.apple.com/us/album/the-songs-of-bacharach-costello-super-deluxe/1659959601?uo=2',39042,1131,'2023-03-03T00:00:00-07:00',NOW(),NOW());
INSERT INTO albums(id, name, images, song_count, price, label_rights, title, url, artist_id, genre_id, release_date, created_at, updated_at) VALUES (1664932355,'Now That''s What I Call Music! Hip Hop Party','{"https://is3-ssl.mzstatic.com/image/thumb/Music123/v4/d9/79/1a/d9791a21-1b88-4969-8894-0b90af569198/196589713551.jpg/55x55bb.png", "https://is5-ssl.mzstatic.com/image/thumb/Music123/v4/d9/79/1a/d9791a21-1b88-4969-8894-0b90af569198/196589713551.jpg/60x60bb.png", "https://is2-ssl.mzstatic.com/image/thumb/Music123/v4/d9/79/1a/d9791a21-1b88-4969-8894-0b90af569198/196589713551.jpg/170x170bb.png"}',18,'{"amount": "7.99", "currency": "USD"}','℗ 2023 UMG Recordings, Inc. and Sony Music Entertainment','Now That''s What I Call Music! Hip Hop Party - Various Artists','https://music.apple.com/us/album/now-thats-what-i-call-music-hip-hop-party/1664932355?uo=2',1,18,'2023-02-03T00:00:00-07:00',NOW(),NOW());
INSERT INTO albums(id, name, images, song_count, price, label_rights, title, url, artist_id, genre_id, release_date, created_at, updated_at) VALUES (273750173,'The Very Best of Daryl Hall & John Oates','{"https://is2-ssl.mzstatic.com/image/thumb/Music125/v4/9b/30/4c/9b304cad-7427-b463-6bf7-8c1cf4fae484/078636931920.jpg/55x55bb.png", "https://is1-ssl.mzstatic.com/image/thumb/Music125/v4/9b/30/4c/9b304cad-7427-b463-6bf7-8c1cf4fae484/078636931920.jpg/60x60bb.png", "https://is4-ssl.mzstatic.com/image/thumb/Music125/v4/9b/30/4c/9b304cad-7427-b463-6bf7-8c1cf4fae484/078636931920.jpg/170x170bb.png"}',18,'{"amount": "10.99", "currency": "USD"}','℗ This compilation (P) 2001 Sony Music Entertainment','The Very Best of Daryl Hall & John Oates - Daryl Hall & John Oates','https://music.apple.com/us/album/the-very-best-of-daryl-hall-john-oates/273750173?uo=2',180586,21,'2001-01-23T00:00:00-07:00',NOW(),NOW());
INSERT INTO albums(id, name, images, song_count, price, label_rights, title, url, artist_id, genre_id, release_date, created_at, updated_at) VALUES (594061854,'Rumours','{"https://is3-ssl.mzstatic.com/image/thumb/Music124/v4/4d/13/ba/4d13bac3-d3d5-7581-2c74-034219eadf2b/081227970949.jpg/55x55bb.png", "https://is5-ssl.mzstatic.com/image/thumb/Music124/v4/4d/13/ba/4d13bac3-d3d5-7581-2c74-034219eadf2b/081227970949.jpg/60x60bb.png", "https://is4-ssl.mzstatic.com/image/thumb/Music124/v4/4d/13/ba/4d13bac3-d3d5-7581-2c74-034219eadf2b/081227970949.jpg/170x170bb.png"}',11,'{"amount": "10.99", "currency": "USD"}','℗ 2004 Warner Records Inc.','Rumours - Fleetwood Mac','https://music.apple.com/us/album/rumours/594061854?uo=2',158038,21,'1977-02-04T00:00:00-07:00',NOW(),NOW());
INSERT INTO albums(id, name, images, song_count, price, label_rights, title, url, artist_id, genre_id, release_date, created_at, updated_at) VALUES (217633715,'The Essential Elvis Presley','{"https://is3-ssl.mzstatic.com/image/thumb/Music125/v4/cb/5d/f5/cb5df548-c55a-e28e-dce9-bd91711f1e84/828768904824.jpg/55x55bb.png", "https://is5-ssl.mzstatic.com/image/thumb/Music125/v4/cb/5d/f5/cb5df548-c55a-e28e-dce9-bd91711f1e84/828768904824.jpg/60x60bb.png", "https://is1-ssl.mzstatic.com/image/thumb/Music125/v4/cb/5d/f5/cb5df548-c55a-e28e-dce9-bd91711f1e84/828768904824.jpg/170x170bb.png"}',40,'{"amount": "14.99", "currency": "USD"}','℗ 2007 Sony Music Entertainment','The Essential Elvis Presley - Elvis Presley','https://music.apple.com/us/album/the-essential-elvis-presley/217633715?uo=2',197443,21,'2007-01-02T00:00:00-07:00',NOW(),NOW());